[{"_id":{"$oid":"551606586803fa882f8b45aa"},"approved":{"$numberLong":"1"},"assemply_item":{"$numberLong":"0"},"category":"Banners","code":{"$numberLong":"1810"},"color":"","company_id":{"$oid":"5271dac5222aad68190015bd"},"company_name":"Grimco Canada, Inc. (Proveer)","cost_price":"","created_by":{"$oid":"100000000000000000000000"},"date_modified":{"$date":"2015-04-17T15:42:01.000Z"},"deleted":false,"description":"","discount":"","group_type":"BUY","gst_tax":"AB","is_custom_size":{"$numberLong":"0"},"is_rfq":{"$numberLong":"0"},"madeup":"","markup":"","modified_by":{"$oid":"5271f68167b96d1813000008"},"name":"TrueCanvas Giclee 11oz Banner 80\"x115' MATT","on_po":"","on_so":"","oum":"Roll","oum_depend":"Sq.ft.","parent_product_code":{"$numberLong":"662"},"parent_product_id":{"$oid":"5284a48e222aad541400058f"},"parent_product_name":"Canvas Print - Giclee Artist","prefer_customer":"","prefer_customer_id":"","product_base":"","product_type":"Vendor Stock","profit":"","pst_tax":"","qty_in_stock":"","sell_by":"unit","sell_price":457,"sellprices":[{"deleted":false,"sell_category":"Retail","sell_default":{"$numberLong":"1"},"sell_unit_price":"457.0"}],"serial":"","sizeh":115,"sizeh_unit":"ft","sizew":80,"sizew_unit":"in","sku":718503,"special_order":"","status":{"$numberLong":"1"},"thickness":"","thickness_unit":"in","unit_price":0.5960866584784099},{"_id":{"$oid":"551606586803fa882f8b4599"},"approved":{"$numberLong":"0"},"assemply_item":{"$numberLong":"0"},"category":"Hardware","code":{"$numberLong":"1787"},"color":"Black","company_id":{"$oid":"5512f4266803fa9d368b4567"},"company_name":"FuTECH Inc/Beston Signs","cost_price":"","created_by":{"$oid":"100000000000000000000000"},"date_modified":{"$date":"2015-03-31T17:22:17.000Z"},"deleted":false,"description":"Heavy Duty Max: 96\"xMax:120\"","discount":"","group_type":"SELL","gst_tax":"BC","is_custom_size":{"$numberLong":"0"},"is_rfq":{"$numberLong":"0"},"madeup":"","markup":"","modified_by":{"$oid":"5373d9f4e6f2b28438125cd3"},"name":"Telescoping Backdrop Banner Stands (Heavy Duty)","on_po":"","on_so":"","oum":"unit","oum_depend":"","parent_product_code":"","parent_product_id":"","parent_product_name":"","prefer_customer":"","prefer_customer_id":"","product_base":"Banner Stand","product_type":"Vendor Stock","profit":"","pst_tax":"","qty_in_stock":"","sell_by":"unit","sell_price":320,"sellprices":[{"deleted":false,"sell_category":"Retail","sell_default":{"$numberLong":"1"},"sell_unit_price":"320"}],"serial":"","sizeh":96,"sizeh_unit":"in","sizew":120,"sizew_unit":"in","sku":"TB002","special_order":"","status":{"$numberLong":"1"},"thickness":"","thickness_unit":"in","unit_price":4},{"_id":{"$oid":"54665cb5b0e6dfcc0a00014b"},"approved":1,"assemply_item":0,"category":"tradeshow","code":2561,"color":"Silver","company_id":{"$oid":"54665b81b0e6dff00a00011e"},"company_name":"Space Services Ltd.","cost_price":0,"created_by":{"$oid":"5271f68167b96d1813000008"},"date_modified":{"$date":"2015-03-25T15:22:27.000Z"},"deleted":false,"description":"Banner Stand Display light with Clamp","discount":"","group_type":"BUY","gst_tax":"AB","is_custom_size":0,"is_rfq":0,"madeup":"","markup":"","modified_by":{"$oid":"5271f68167b96d1813000008"},"name":"Banner Stand Display light with Clamp","on_po":"","on_so":"","oum":"unit","oum_depend":"unit","parent_product_code":203,"parent_product_id":{"$oid":"5284a42f222aad54140003c4"},"parent_product_name":"Banner Stand Light (50W)","product_type":"Vendor Stock","profit":"","pst_tax":"","qty_in_stock":"","sell_by":"unit","sell_price":15,"sell_price_cb":9,"sellprices":[{"deleted":false,"sell_category":"Retail","sell_default":1,"sell_unit_price":"15.00"}],"serial":"","sizeh":0,"sizeh_unit":"in","sizew":0,"sizew_unit":"in","sku":"0701-B","special_order":1,"status":1,"thickness":"","thickness_unit":"in","unit_price":15},{"AccNoForSupplier":"","_id":{"$oid":"52fb8d0fe6f2b2753e9dec12"},"anvy_tw":"","approved":1,"assemply_item":0,"barcode":"","buy_by":"","category":"tradeshow","code":1800,"color":"Silver","company_id":{"$oid":"5419a6b5b0e6df50060001d8"},"company_name":"Danyang Lee Import and Export Trade Co., Ltd.","cost_price":130.52905155023,"created_by":{"$oid":"5271f36d67b96d410f000000"},"date_modified":{"$date":"2015-03-23T16:19:04.000Z"},"deleted":false,"description":"Jenni 850 Banner Stand with Graphic","group_type":"SELL","gst_tax":"AB","identity":"Anvy Digital","in_stock":"","is_custom_size":1,"length":84,"locations":[{"deleted":false,"location_id":{"$oid":"5297e68367b96d0e7200000c"},"location_name":"Main stock location","location_type":"Warehouse","low":"","qty_in_stock":0,"stock_usage":"Sell","total_stock":450}],"madeup":[{"category":"","company_id":"","deleted":true,"margin":0,"markup":500,"oum":"","product_id":{"$oid":"5419a67fb0e6dff40b0001a8"},"product_name":"","product_type":"","quantity":1,"sku":"","unit_price":"","view_in_detail":""},{"category":"","company_id":"","deleted":false,"margin":0,"markup":300,"oum":"","product_id":{"$oid":"5419a67fb0e6dff40b0001a8"},"product_name":"","product_type":"","quantity":1,"sku":"","unit_price":"","view_in_detail":""},{"category":"","company_id":"","deleted":false,"margin":0,"markup":300,"oum":"","product_id":{"$oid":"529eae6267b96dc11d000113"},"product_name":"","product_type":"","quantity":21,"sku":"","unit_price":"","view_in_detail":""},{"category":"","company_id":"","deleted":true,"margin":0,"markup":0,"oum":"","product_id":{"$oid":"5284a3fc222aad5414000325"},"product_name":"","product_type":"","quantity":21,"sku":"","unit_price":"","view_in_detail":""},{"category":"","company_id":"","deleted":true,"margin":0,"markup":0,"oum":"","product_id":{"$oid":"5284a3f7222aad5414000311"},"product_name":"","product_type":"","quantity":0.25,"sku":"","unit_price":"","view_in_detail":""},{"category":"","company_id":"","deleted":false,"margin":0,"markup":200,"oum":"","product_id":{"$oid":"5284a411222aad541400037c"},"product_name":"","product_type":"","quantity":21,"sku":"","unit_price":"","view_in_detail":""},{"category":"","company_id":"","deleted":false,"margin":0,"markup":0,"oum":"","product_id":{"$oid":"5284a426222aad54140003a8"},"product_name":"","product_type":"","quantity":0.25,"sku":"","unit_price":"","view_in_detail":""}],"markup":"","modified_by":{"$oid":"5271f4fa67b96d7f11000022"},"name":"Jenni 850 - Banner Stand with Graphic","none02":"","none11":"","none12":"","none22":"","none31":"","none32":"","on_po":"","on_so":"","options":[{"deleted":true,"margin":0,"markup":0,"option_group":"","product_id":{"$oid":"52fb8d0fe6f2b2753e9deb5f"},"quantity":1,"require":1},{"deleted":true,"group_type":"Inc","margin":0,"markup":0,"option_group":"01 Prep","product_id":{"$oid":"5284a3ee222aad54140002fa"},"quantity":1,"require":1},{"deleted":true,"group_type":"Inc","margin":0,"markup":0,"option_group":"01 Prep","product_id":{"$oid":"5284a3ee222aad54140002fc"},"quantity":1,"require":0,"same_parent":1},{"deleted":true,"group_type":"Exc","margin":0,"markup":0,"option_group":"02 Option","product_id":{"$oid":"5284a49e222aad54140005ff"},"quantity":1,"require":0,"same_parent":1,"unit_price":65},{"deleted":true,"group_type":"Inc","margin":0,"markup":0,"option_group":"03 print","product_id":{"$oid":"5284a403222aad5414000344"},"quantity":1,"require":0,"same_parent":1,"unit_price":0},{"deleted":true,"group_type":"Inc","margin":0,"markup":0,"option_group":"04 fab","product_id":{"$oid":"5284a3f7222aad5414000311"},"quantity":1,"require":0,"same_parent":1,"unit_price":0},{"deleted":false,"discount":100,"group_type":"Exc","hidden":1,"margin":0,"markup":0,"option_group":"1. Prep","product_id":{"$oid":"5284a42e222aad54140003c1"},"quantity":1,"require":1,"same_parent":1},{"deleted":false,"group_type":"Inc","margin":0,"markup":0,"option_group":"8. Options","product_id":{"$oid":"5284a42f222aad54140003c4"},"quantity":1,"require":0,"same_parent":1}],"oum":"unit","oum_depend":"unit","parent_product_code":"","parent_product_id":"","parent_product_name":"","prefer_customer":"Imagine Printing Management / Xerox Canada Ltd.","prefer_customer_id":{"$oid":"5271dabe222aad6819001303"},"price_breaks_type":"","price_note":"","pricebreaks":[{"deleted":true,"range_from":1,"range_to":5,"sell_category":"Retail","unit_price":220},{"deleted":true,"range_from":6,"range_to":10,"sell_category":"Retail","unit_price":215},{"deleted":true,"range_from":10,"range_to":15,"sell_category":"Retail","unit_price":210},{"deleted":true,"range_from":15,"range_to":20,"sell_category":"Retail","unit_price":205},{"deleted":true,"range_from":20,"range_to":25,"sell_category":"Retail","unit_price":200},{"deleted":true,"range_from":25,"range_to":30,"sell_category":"Retail","unit_price":195},{"deleted":true,"range_from":30,"range_to":35,"sell_category":"Retail","unit_price":190},{"deleted":true,"range_from":35,"range_to":9999,"sell_category":"Retail","unit_price":185}],"priority":"","product_base":"Banner Stand","product_desciption":"The Jenni 850 is a rare but perfect mixture of practicality and durability. A An easy to set-up floating retractable banner stand with dual twist feet for extra stabilization that is ideal for floor or desktop display. Includes a deluxe padded carrying case with option halogen light.\u0026nbsp;","product_type":"Combination","production_step":[{"cost_per_hour":"","deleted":false,"factor":0.5,"from":"","min_of_uom":"","name":"","oum":"","product_id":"","product_type":"","tag":"02. Onset Q40i","tag_key":{"$oid":"53517a86e6f2b26b26513cf7"}},{"cost_per_hour":"","deleted":true,"factor":0.5,"from":"","min_of_uom":15,"name":"","oum":"","product_id":"","product_type":"","tag":"05. Fabrication","tag_key":{"$oid":"51ef8238222aad601100009a"}}],"products_upload":[{"deleted":false,"doc_id":{"$oid":"54a47ffab0e6dfcc090000ca"},"path":"/upload/2014_12/2014_12_31_160010_228320.jpg"}],"profit":"","pst_tax":"","qty_in_stock":450,"sell_by":"unit","sell_price":230,"sell_price_cb":293,"sell_price_intax":395,"sellprices":[{"deleted":false,"sell_category":"Retail","sell_default":1,"sell_unit_price":"230"}],"serial":728,"sizeh":84.5,"sizeh_unit":"in","sizew":33.5,"sizew_unit":"in","sku":"IM-1800","special_order":0,"status":1,"stock_by":"Unit","stock_code":"0-A4-BS-J85","stock_des_current":"Jenni 850 Banner Stand","stocktakes":[{"deleted":false,"detail":"basis on Hanh last Inventory Dec 12, 2014","location_id":{"$oid":"5297e68367b96d0e7200000c"},"location_name":"Main stock location","location_type":"Warehouse","qty_amended":450,"qty_counted":450,"qty_in_stock":0,"stock_usage":"Sell","stocktakes_by":"Joyce Wong","stocktakes_by_id":{"$oid":"5271f68167b96d1813000008"},"stocktakes_date":{"$date":"2014-12-31T21:18:00.000Z"}}],"supplier":[],"tech_notes":"","thickness":"","thickness_unit":"in","under_over":"","unit_price":230},{"_id":{"$oid":"52fb8d0fe6f2b2753e9dec05"},"approved":1,"assemply_item":0,"category":"Banners","code":1782,"color":"","company_id":{"$oid":"5271dac7222aad6819001654"},"company_name":"SABIC Polymershapes","cost_price":0,"created_by":{"$oid":"5271f6d267b96d6013000011"},"date_modified":{"$date":"2015-04-09T17:19:40.000Z"},"deleted":false,"description":"Ban RL 18oz 54x164 FT WT MT/ OD Blockout LTX","group_type":"SELL","gst_tax":"AB","identity":{"$oid":"5271dab4222aad6819000ed0"},"is_custom_size":0,"madeup":"","markup":"","modified_by":{"$oid":"5276d62d67b96d913d000014"},"name":"Outdoor Banner Matte (Blockout) LTX  -18oz 54\"x164'","none02":"","none11":"","none12":"","none22":"","none31":"","none32":"","on_po":"","on_so":"","oum":"Roll","oum_depend":"Sq.ft.","parent_product_code":"","parent_product_id":"","parent_product_name":"","product_type":"Vendor Stock","profit":"","pst_tax":"","qty_in_stock":"","sell_by":"unit","sell_price":370,"sellprices":[{"deleted":false,"sell_category":"Retail","sell_default":1,"sell_unit_price":"370.00"}],"serial":"","sizeh":164,"sizeh_unit":"ft","sizew":54,"sizew_unit":"in","sku":"74532999","special_order":1,"status":1,"thickness":"","thickness_unit":"in","unit_price":0.5013550135501355},{"_id":{"$oid":"52fb8d0fe6f2b2753e9debea"},"approved":0,"assemply_item":0,"category":"Banners","code":1752,"color":"","company_id":{"$oid":"5271dac7222aad6819001654"},"company_name":"SABIC Polymershapes","cost_price":"","created_by":{"$oid":"5271f6d267b96d6013000011"},"date_modified":{"$date":"2014-12-08T18:37:38.000Z"},"deleted":false,"description":"","group_type":"SELL","gst_tax":"AB","is_custom_size":0,"madeup":"","markup":"","modified_by":{"$oid":"5276d62d67b96d913d000014"},"name":"Mesh Banner 63\"x164' 8oz-Ultraflex","none02":"","none11":"","none12":"","none22":"","none31":"","none32":"","on_po":"","on_so":"","oum":"Roll","oum_depend":"Sq.ft.","parent_product_code":"","parent_product_id":"","parent_product_name":"","product_type":"Vendor Stock","profit":"","pst_tax":"","qty_in_stock":"","sell_by":"unit","sell_price":297.33,"sellprices":[{"deleted":false,"sell_category":"Retail","sell_default":1,"sell_unit_price":"297.33"}],"serial":"","sizeh":164,"sizeh_unit":"ft","sizew":63,"sizew_unit":"in","sku":"74528999","special_order":1,"status":1,"thickness":"","thickness_unit":"in","unit_price":0.34533101045296},{"_id":{"$oid":"52fb8d0fe6f2b2753e9debcf"},"approved":{"$numberLong":"1"},"assemply_item":0,"category":"Banners","code":1723,"color":"","company_id":{"$oid":"542c3c67b0e6df0c0e00006e"},"company_name":"LexJet","cost_price":"","created_by":{"$oid":"5271f6d267b96d6013000011"},"date_modified":{"$date":"2015-04-07T21:47:50.000Z"},"deleted":false,"description":"Ultraflex Strip Mesh Banner Plus (8oz) 72\"x164'","group_type":"SELL","gst_tax":"AB","is_custom_size":0,"madeup":"","markup":"","modified_by":{"$oid":"5276d62d67b96d913d000014"},"name":"Ultraflex Strip Mesh Banner Plus (8oz) 72\"x164'","none02":"","none11":"","none12":"","none22":"","none31":"","none32":"","on_po":"","on_so":"","oum":"unit","oum_depend":"","parent_product_code":"","parent_product_id":"","parent_product_name":"","product_type":"Vendor Stock","profit":"","pst_tax":"","qty_in_stock":"","sell_by":"unit","sell_price":344.4,"sellprices":[{"deleted":false,"sell_category":"Retail","sell_default":{"$numberLong":"1"},"sell_unit_price":"344.40"}],"serial":"","sizeh":164,"sizeh_unit":"ft","sizew":72,"sizew_unit":"in","sku":"SMP183050","special_order":0,"status":1,"thickness":"","thickness_unit":"in","unit_price":0.35},{"_id":{"$oid":"52fb8d0fe6f2b2753e9debcc"},"approved":0,"assemply_item":0,"category":"tradeshow","code":1720,"color":"","company_id":{"$oid":"52d407b1e6f2b27545658526"},"company_name":"Ultimadisplays","cost_price":"","created_by":{"$oid":"5271f6d267b96d6013000011"},"date_modified":{"$date":"2014-11-14T19:20:48.000Z"},"deleted":false,"description":"","group_type":"SELL","gst_tax":"AB","is_custom_size":0,"madeup":"","markup":"","modified_by":{"$oid":"5271f4fa67b96d7f11000022"},"name":"Double-sided Trio Unit ( Telescopic Banner stand, 800mm wide)","none02":"","none11":"","none12":"","none22":"","none31":"","none32":"","on_po":"","on_so":"","oum":"unit","oum_depend":"","parent_product_code":"","parent_product_id":"","parent_product_name":"","product_type":"Vendor Stock","products_upload":[{"deleted":false,"doc_id":{"$oid":"54232155b0e6df5808000325"},"path":"/upload/2014_09/2014_09_24_135357_242739.jpg"}],"profit":"","pst_tax":"","qty_in_stock":"","sell_by":"unit","sell_price":119,"sellprices":[{"deleted":false,"sell_category":"Retail","sell_default":1,"sell_unit_price":"119.00"}],"serial":"","sizeh":0,"sizeh_unit":"in","sizew":0,"sizew_unit":"in","sku":"TRIO","special_order":"","status":1,"thickness":"","thickness_unit":"in","unit_price":119},{"_id":{"$oid":"52fb8d0fe6f2b2753e9debc5"},"approved":0,"assemply_item":0,"category":"Banners","code":1712,"color":"","company_id":{"$oid":"5271dacc222aad6819001804"},"company_name":"Unisource Canada Inc.","cost_price":"","created_by":{"$oid":"5271f6d267b96d6013000011"},"date_modified":{"$date":"2014-11-15T06:33:42.000Z"},"deleted":false,"description":"","group_type":"SELL","gst_tax":"AB","is_custom_size":0,"madeup":"","markup":"","modified_by":{"$oid":"5271f4fa67b96d7f11000022"},"name":"Selectsource SS 150D Fire Retardant Blockout SMOOTH Scrim Banner 150OZ Matte 3\"C x 150'","none02":"","none11":"","none12":"","none22":"","none31":"","none32":"","on_po":"","on_so":"","oum":"unit","oum_depend":"","parent_product_code":"","parent_product_id":"","parent_product_name":"","product_type":"Vendor Stock","profit":"","pst_tax":"","qty_in_stock":"","sell_by":"unit","sell_price":0,"serial":"","sizeh":150,"sizeh_unit":"ft","sizew":63,"sizew_unit":"in","sku":"20665H","special_order":"","status":1,"thickness":"","thickness_unit":"in","unit_price":0},{"_id":{"$oid":"52fb8d0fe6f2b2753e9debc4"},"approved":0,"assemply_item":0,"category":"Banners","code":1711,"color":"","company_id":{"$oid":"5271dacc222aad6819001804"},"company_name":"Unisource Canada Inc.","cost_price":"","created_by":{"$oid":"5271f6d267b96d6013000011"},"date_modified":{"$date":"2014-11-15T06:33:49.000Z"},"deleted":false,"description":"","group_type":"SELL","gst_tax":"AB","is_custom_size":0,"madeup":"","markup":"","modified_by":{"$oid":"5271f4fa67b96d7f11000022"},"name":"Selectsource SS 150D Fire Retardant Blockout SMOOTH Scrim Banner 150OZ Matte 3\"C x 150'","none02":"","none11":"","none12":"","none22":"","none31":"","none32":"","on_po":"","on_so":"","oum":"unit","oum_depend":"","parent_product_code":"","parent_product_id":"","parent_product_name":"","product_type":"Vendor Stock","profit":"","pst_tax":"","qty_in_stock":"","sell_by":"unit","sell_price":0,"serial":"","sizeh":150,"sizeh_unit":"ft","sizew":54,"sizew_unit":"in","sku":"20665E","special_order":"","status":1,"thickness":"","thickness_unit":"in","unit_price":0}]
